"stage","R0","R"
"None","2.5",2.77906468853032
"None","2.5",2.37159287736976
"None","2.5",2.70707981282584
"None","2.5",2.48147681389758
"None","2.5",2.33406951754869
"None","2.5",2.55891423171304
"None","2.5",2.69013150489901
"None","2.5",2.19098853856977
"None","2.5",2.55759301435491
"None","2.5",2.69137966699493
"None","2.5",2.52640460373522
"None","2.5",2.78560366279583
"None","2.5",2.60465438677251
"None","2.5",2.83851931556354
"None","2.5",2.30701107349391
"None","2.5",2.43034040604428
"None","2.5",2.60190631779217
"None","2.5",2.28204553872014
"None","2.5",2.77842555386283
"None","2.5",2.20636958608544
"None","2.5",2.80419281685496
"None","2.5",2.39088109422569
"None","2.5",2.55275192427265
"None","2.5",2.29052107547367
"None","2.5",2.66600109372431
"None","2.5",2.5293348314651
"None","2.5",2.590098194299
"None","2.5",2.48439109279767
"None","2.5",2.22442526026121
"None","2.5",2.57912031705073
"None","2.5",2.29533157855926
"None","2.5",2.46892707900489
"None","2.5",2.97642064505964
"None","2.5",2.04226761711405
"None","2.5",2.58976363580403
"None","2.5",2.37790335149384
"None","2.5",2.24200830095651
"None","2.5",2.35506206202502
"None","2.5",2.64083681087464
"None","2.5",2.35848256399178
"None","2.5",2.58849976976345
"None","2.5",1.95262941972801
"None","2.5",2.38067061965163
"None","2.5",2.44902221635055
"None","2.5",2.47199656987251
"None","2.5",2.45862789108463
"None","2.5",2.11592964439086
"None","2.5",2.42005613938103
"None","2.5",2.34320613732602
"None","2.5",2.44447935707963
"None","2.5",2.42545283008517
"None","2.5",2.57838026890873
"None","2.5",2.73416662341271
"None","2.5",2.5942024501447
"None","2.5",2.81539656312999
"None","2.5",2.39863298472666
"None","2.5",2.61516819087055
"None","2.5",2.31572598850093
"None","2.5",2.61977903233691
"None","2.5",2.64913388745721
"None","2.5",2.44265502091598
"None","2.5",2.47129289442952
"None","2.5",2.77147756428976
"None","2.5",2.26172164939361
"None","2.5",2.71563794489486
"None","2.5",2.39742151981213
"None","2.5",2.50987149726387
"None","2.5",2.48732810349658
"None","2.5",2.19611835351083
"None","2.5",2.39028560795846
"None","2.5",2.67100351823621
"None","2.5",2.6933891637506
"None","2.5",2.82997590832738
"None","2.5",2.26990707549437
"None","2.5",2.70985584682098
"None","2.5",2.50931163826048
"None","2.5",2.71568883466672
"None","2.5",2.7414060009284
"None","2.5",2.83243359072598
"None","2.5",2.45230233533786
"None","2.5",2.96327164882347
"None","2.5",2.97402420349875
"None","2.5",2.96608584205049
"None","2.5",2.5110329946968
"None","2.5",2.5701076884133
"None","2.5",2.96159838364212
"None","2.5",2.28906558976531
"None","2.5",2.44075264083036
"None","2.5",2.77838654341865
"None","2.5",2.62596884892363
"None","2.5",2.99618665857339
"None","2.5",2.0905058765109
"None","2.5",2.31937696536681
"None","2.5",2.38280029655154
"None","2.5",2.13407626631238
"None","2.5",2.5217849970071
"None","2.5",2.73241622204747
"None","2.5",2.6784309690039
"None","2.5",2.64057112913147
"None","2.5",2.71181519740277
"None","3.125",2.92280350121963
"None","3.125",2.6649303116699
"None","3.125",2.93166198512224
"None","3.125",3.49576028734409
"None","3.125",2.51824540956003
"None","3.125",3.91741847938352
"None","3.125",2.99850331627003
"None","3.125",2.52115894169165
"None","3.125",3.17273203174277
"None","3.125",2.95775978070028
"None","3.125",2.45493014257737
"None","3.125",2.82257584383098
"None","3.125",3.21006772132029
"None","3.125",3.334304143373
"None","3.125",3.21771045326515
"None","3.125",2.68661937485061
"None","3.125",2.42571493020761
"None","3.125",3.65552224385627
"None","3.125",2.64128685094365
"None","3.125",3.53022296577303
"None","3.125",3.50573668263898
"None","3.125",2.9171856278046
"None","3.125",3.13852722508241
"None","3.125",3.10790204078688
"None","3.125",3.78437810629669
"None","3.125",3.03770795212281
"None","3.125",2.81339833215825
"None","3.125",2.8546255346982
"None","3.125",3.0542253128613
"None","3.125",3.26873501332575
"None","3.125",3.24763332440097
"None","3.125",3.17866068809132
"None","3.125",3.57232026675207
"None","3.125",3.31128220061884
"None","3.125",2.2650660243081
"None","3.125",3.2305576497752
"None","3.125",2.91723930743867
"None","3.125",2.87233426396878
"None","3.125",2.78460728962725
"None","3.125",2.85323866733034
"None","3.125",3.79979814250986
"None","3.125",3.61951196885891
"None","3.125",3.46658703477955
"None","3.125",2.60825388428338
"None","3.125",2.86985868367704
"None","3.125",3.36423446348398
"None","3.125",2.71522473479954
"None","3.125",3.31451461010094
"None","3.125",3.3869836588828
"None","3.125",2.80944482570447
"None","3.125",3.2346125050973
"None","3.125",3.36993597323376
"None","3.125",3.25227070147033
"None","3.125",4.48118216309045
"None","3.125",2.77981564899488
"None","3.125",3.10469710392627
"None","3.125",3.0286272114539
"None","3.125",2.89783147821977
"None","3.125",3.774714625379
"None","3.125",3.62981430259847
"None","3.125",2.91118523670778
"None","3.125",3.0368054418564
"None","3.125",2.70550811011304
"None","3.125",3.31468342234643
"None","3.125",2.84289340223225
"None","3.125",2.98085847004237
"None","3.125",2.75093358056433
"None","3.125",3.48342929971601
"None","3.125",3.44618847148001
"None","3.125",3.22140612908295
"None","3.125",2.80961979403364
"None","3.125",2.6234567698685
"None","3.125",3.0415057245983
"None","3.125",4.29964533960708
"None","3.125",3.1279707303532
"None","3.125",3.26401056035754
"None","3.125",3.32346520044969
"None","3.125",3.11621155936286
"None","3.125",2.93148550123404
"None","3.125",3.3184295927595
"None","3.125",2.33965024083416
"None","3.125",3.14776655885999
"None","3.125",2.69725826826544
"None","3.125",3.34344498802539
"None","3.125",3.02857621670557
"None","3.125",3.08532385560193
"None","3.125",2.94581743693416
"None","3.125",3.10180515216506
"None","3.125",3.60364393244349
"None","3.125",3.69707536781379
"None","3.125",3.12628937625141
"None","3.125",3.19970933020825
"None","3.125",3.55827530495242
"None","3.125",2.39380966481466
"None","3.125",3.14757165066052
"None","3.125",3.04384113424907
"None","3.125",2.62253262566013
"None","3.125",3.31953617054003
"None","3.125",2.56747314961546
"None","3.125",2.80730149594281
"None","3.75",3.54404137616848
"None","3.75",3.85125825410106
"None","3.75",3.78174110803503
"None","3.75",4.20363180246381
"None","3.75",4.89760322740054
"None","3.75",2.59341511695593
"None","3.75",3.63960445207446
"None","3.75",3.93986248330684
"None","3.75",3.23120871980423
"None","3.75",2.75981337060928
"None","3.75",4.25625817552051
"None","3.75",3.75511125972988
"None","3.75",3.84907752965554
"None","3.75",3.8327429311982
"None","3.75",2.73345747150658
"None","3.75",3.55153554946741
"None","3.75",3.2626655946052
"None","3.75",3.91612621451617
"None","3.75",3.68032006286095
"None","3.75",3.12552930556746
"None","3.75",4.68885676578998
"None","3.75",3.99576151241549
"None","3.75",3.86871644499656
"None","3.75",4.28667476222741
"None","3.75",4.15048399484174
"None","3.75",3.91649716939166
"None","3.75",4.31334030100208
"None","3.75",4.07532911512287
"None","3.75",3.13597776028397
"None","3.75",2.83133811903954
"None","3.75",4.12174484740654
"None","3.75",5.25816229076398
"None","3.75",3.14626816422206
"None","3.75",3.9438899097794
"None","3.75",3.25974501991795
"None","3.75",3.61495803459569
"None","3.75",3.89287759441241
"None","3.75",3.1933715672479
"None","3.75",3.74655086571891
"None","3.75",3.48438364907029
"None","3.75",3.79507725448212
"None","3.75",3.25754123533388
"None","3.75",4.22285167097037
"None","3.75",4.08653617399909
"None","3.75",4.01515596011289
"None","3.75",3.7785974096241
"None","3.75",3.45118199105567
"None","3.75",4.6743361461287
"None","3.75",4.2245222870571
"None","3.75",2.96176320918951
"None","3.75",3.25481480444703
"None","3.75",3.67346854956686
"None","3.75",3.70648459810232
"None","3.75",4.33879069665686
"None","3.75",4.55165861981766
"None","3.75",4.81832058660889
"None","3.75",4.28897312059944
"None","3.75",3.69355053053163
"None","3.75",3.62690666162259
"None","3.75",3.7397221026495
"None","3.75",4.23237890528412
"None","3.75",3.31824654359929
"None","3.75",4.4440605375817
"None","3.75",3.51364927313451
"None","3.75",3.05589076254062
"None","3.75",3.6691393897677
"None","3.75",3.23661261851363
"None","3.75",3.48000375773812
"None","3.75",4.04796284841389
"None","3.75",3.56023205866455
"None","3.75",4.34762243688742
"None","3.75",4.46266489896728
"None","3.75",3.62898278907211
"None","3.75",3.49836247643695
"None","3.75",4.57142870045779
"None","3.75",3.20457504648346
"None","3.75",4.28695786984766
"None","3.75",3.91137241914403
"None","3.75",3.87512882281559
"None","3.75",3.75863440701116
"None","3.75",3.81606365745786
"None","3.75",4.07206624768567
"None","3.75",4.17419291886829
"None","3.75",3.29951219804564
"None","3.75",4.17500487199099
"None","3.75",3.39223954565743
"None","3.75",3.91751306794908
"None","3.75",3.85683365266117
"None","3.75",3.16011228862302
"None","3.75",3.2623168630917
"None","3.75",3.17831384778082
"None","3.75",3.32120532267087
"None","3.75",3.86294095112135
"None","3.75",3.94040294402068
"None","3.75",3.02985518570287
"None","3.75",3.60085914727717
"None","3.75",3.41151371012687
"None","3.75",3.73325111378079
"None","3.75",3.26433831101398
"None","3.75",2.76572963963894
"1","2.5",1.69290948538884
"1","2.5",1.17506838477271
"1","2.5",1.49083132148728
"1","2.5",1.65489771467268
"1","2.5",1.52149746987975
"1","2.5",1.78499945728861
"1","2.5",1.74655312409557
"1","2.5",1.81927657759985
"1","2.5",1.62850554323725
"1","2.5",1.58273455372615
"1","2.5",1.62872200263505
"1","2.5",1.92108373514556
"1","2.5",1.68285460893385
"1","2.5",1.67849098519548
"1","2.5",1.63561550661034
"1","2.5",1.62643733607966
"1","2.5",1.61986794746553
"1","2.5",1.64766811369166
"1","2.5",1.72704222687853
"1","2.5",1.6374096851984
"1","2.5",1.35676897164767
"1","2.5",1.73080904602644
"1","2.5",1.71779176587729
"1","2.5",1.92676397567736
"1","2.5",1.90033792784176
"1","2.5",1.66273773379605
"1","2.5",1.64787065715055
"1","2.5",1.64292356124834
"1","2.5",1.32076378974843
"1","2.5",1.65629885168387
"1","2.5",1.69404718687179
"1","2.5",1.70121780683557
"1","2.5",1.43594425974211
"1","2.5",1.44892742651117
"1","2.5",1.61160862086338
"1","2.5",2.02278556771546
"1","2.5",1.66994614547435
"1","2.5",1.56612580538359
"1","2.5",1.68403806065095
"1","2.5",1.42260274093722
"1","2.5",1.52585100365951
"1","2.5",1.64871750056935
"1","2.5",1.58251858416094
"1","2.5",1.36992651989285
"1","2.5",1.54518072289157
"1","2.5",1.38621070049641
"1","2.5",1.39538156726105
"1","2.5",1.78921187313855
"1","2.5",1.62547026048859
"1","2.5",1.71182541540877
"1","2.5",1.4468096809681
"1","2.5",1.73217281088144
"1","2.5",1.31164314516129
"1","2.5",1.38755422088755
"1","2.5",1.63536796340808
"1","2.5",1.48439416416973
"1","2.5",1.49863417186007
"1","2.5",1.4473631036573
"1","2.5",1.53974241526109
"1","2.5",1.75191270646976
"1","2.5",1.76891402061232
"1","2.5",1.15242798353909
"1","2.5",1.51986388097499
"1","2.5",1.78193617095196
"1","2.5",1.73791747774807
"1","2.5",1.49203669774209
"1","2.5",1.34788664889315
"1","2.5",1.67193621619314
"1","2.5",1.50467262844252
"1","2.5",1.77302246815688
"1","2.5",1.66441839795957
"1","2.5",1.74513859180229
"1","2.5",1.21394254050171
"1","2.5",1.94163900605172
"1","2.5",1.3711191961192
"1","2.5",1.24355736073436
"1","2.5",1.42552159767337
"1","2.5",1.5927634241625
"1","2.5",1.61283068943888
"1","2.5",1.37147342228871
"1","2.5",1.54844686875416
"1","2.5",1.74673604388433
"1","2.5",1.86814537026858
"1","2.5",1.73824473887641
"1","2.5",1.48154093097913
"1","2.5",1.47139076016081
"1","2.5",1.70944691820951
"1","2.5",1.18303600044687
"1","2.5",1.40528115159694
"1","2.5",1.4748157718442
"1","2.5",1.84812730558367
"1","2.5",1.50292740046838
"1","2.5",1.8307717421897
"1","2.5",1.59691274844318
"1","2.5",1.60980731225296
"1","2.5",1.32272372862491
"1","2.5",1.61889048171295
"1","2.5",1.58434449918808
"1","2.5",1.82051680652187
"1","2.5",1.66176656131957
"1","3.125",2.04060393395961
"1","3.125",2.00190831832062
"1","3.125",1.6028045627854
"1","3.125",2.12652137565198
"1","3.125",2.10914662127407
"1","3.125",2.23639803630673
"1","3.125",2.09642065448806
"1","3.125",2.0519168241709
"1","3.125",2.06574225819936
"1","3.125",2.0388015206771
"1","3.125",1.9062184086331
"1","3.125",2.34133174909385
"1","3.125",1.8885238739461
"1","3.125",1.9849835144109
"1","3.125",1.62427019121069
"1","3.125",2.25971382043766
"1","3.125",1.97933405503496
"1","3.125",1.66777211516599
"1","3.125",1.91782339317499
"1","3.125",1.81267468382343
"1","3.125",2.77097247630883
"1","3.125",1.95426633713221
"1","3.125",1.975277535287
"1","3.125",1.94574148305261
"1","3.125",1.73259417852217
"1","3.125",1.83735177207613
"1","3.125",1.82198031176889
"1","3.125",2.65315631797196
"1","3.125",1.67331343330883
"1","3.125",1.95035498355998
"1","3.125",1.79537744596939
"1","3.125",2.03021494063896
"1","3.125",2.0599203483411
"1","3.125",1.75623443644907
"1","3.125",1.84994847381661
"1","3.125",2.29221281366578
"1","3.125",1.91326635970364
"1","3.125",2.2996248906657
"1","3.125",1.73668629175193
"1","3.125",1.71066185457189
"1","3.125",1.89840458243014
"1","3.125",1.93038321341787
"1","3.125",2.07618906210752
"1","3.125",1.8574091948952
"1","3.125",1.93643015167837
"1","3.125",2.24409568836866
"1","3.125",1.98881509424609
"1","3.125",1.91290147763674
"1","3.125",1.89578500166455
"1","3.125",1.64535618168836
"1","3.125",2.00961046902372
"1","3.125",1.91007511939966
"1","3.125",1.49755203343107
"1","3.125",1.8162839651928
"1","3.125",1.84910074128528
"1","3.125",1.98705414238715
"1","3.125",2.21985389416194
"1","3.125",1.99384141463978
"1","3.125",1.9422706794633
"1","3.125",1.74983626392894
"1","3.125",1.82658019337202
"1","3.125",1.68140926290966
"1","3.125",2.04526585904015
"1","3.125",1.77487505730309
"1","3.125",1.65527592051982
"1","3.125",1.75744200877098
"1","3.125",2.28831529189347
"1","3.125",1.92019770713441
"1","3.125",2.20698188509016
"1","3.125",2.00778591985466
"1","3.125",2.00413230613053
"1","3.125",2.28233861480966
"1","3.125",2.00527917711482
"1","3.125",2.21082377121969
"1","3.125",1.81488677489427
"1","3.125",1.64959453801587
"1","3.125",2.35798347176803
"1","3.125",2.04661913327675
"1","3.125",2.28432330065714
"1","3.125",1.94264602333045
"1","3.125",1.88990772116738
"1","3.125",1.73487870873932
"1","3.125",2.01514606073779
"1","3.125",1.68654058844609
"1","3.125",1.99731009951248
"1","3.125",1.71700802756583
"1","3.125",2.15823828730842
"1","3.125",2.02388582363882
"1","3.125",1.62292808301529
"1","3.125",1.76859321021236
"1","3.125",1.78907921497373
"1","3.125",2.01197899881111
"1","3.125",1.77314179226855
"1","3.125",1.80232591050996
"1","3.125",2.253779477286
"1","3.125",2.16143916560764
"1","3.125",2.26935661794749
"1","3.125",1.78957847707848
"1","3.125",2.02082633243887
"1","3.125",1.95744483925846
"1","3.75",2.07114985504141
"1","3.75",2.30955111154397
"1","3.75",2.6616983046015
"1","3.75",2.55327267886372
"1","3.75",2.35482451265683
"1","3.75",2.8584185852606
"1","3.75",2.30303134457422
"1","3.75",2.05364259969586
"1","3.75",2.3700712023055
"1","3.75",1.98226371850437
"1","3.75",1.95922776063235
"1","3.75",2.19254440752761
"1","3.75",2.59974362716845
"1","3.75",2.41971727568233
"1","3.75",1.90625938350987
"1","3.75",2.3433511259978
"1","3.75",2.40948767780598
"1","3.75",2.11084356663857
"1","3.75",2.40135905065773
"1","3.75",2.48965904201008
"1","3.75",2.39943564545288
"1","3.75",2.53433853347593
"1","3.75",2.31842782481591
"1","3.75",2.2843246056236
"1","3.75",2.32890693721499
"1","3.75",2.54210885217589
"1","3.75",1.88792885099417
"1","3.75",2.52528500319761
"1","3.75",2.44272195850254
"1","3.75",2.32488027298567
"1","3.75",2.83344026325612
"1","3.75",2.73843902444914
"1","3.75",2.86607338373564
"1","3.75",1.9990041214872
"1","3.75",2.28353820173916
"1","3.75",2.7209529662488
"1","3.75",2.57392586764365
"1","3.75",2.46940912519829
"1","3.75",2.12029977031141
"1","3.75",2.21694874927415
"1","3.75",2.03078975594518
"1","3.75",2.2193506577089
"1","3.75",2.31697943899334
"1","3.75",3.37640957880436
"1","3.75",2.48966503245822
"1","3.75",2.49717581890353
"1","3.75",2.08560646583256
"1","3.75",2.33977758477019
"1","3.75",2.68104795393737
"1","3.75",2.39714253137133
"1","3.75",2.19498493023408
"1","3.75",3.09427907878638
"1","3.75",2.60115797485801
"1","3.75",2.72362972874325
"1","3.75",2.03463986151965
"1","3.75",2.40512070033261
"1","3.75",2.2216541656705
"1","3.75",2.42906584357858
"1","3.75",2.78855305054674
"1","3.75",2.34097187619134
"1","3.75",2.03464556301505
"1","3.75",1.99910317548845
"1","3.75",1.87195157360516
"1","3.75",2.12254108296705
"1","3.75",2.96090440317258
"1","3.75",2.56607040757349
"1","3.75",2.14385363774583
"1","3.75",2.2169080799349
"1","3.75",2.46944221859007
"1","3.75",2.07867809831197
"1","3.75",2.31035509130455
"1","3.75",2.09548460443313
"1","3.75",2.55943452743573
"1","3.75",2.47835469102954
"1","3.75",2.29823674768344
"1","3.75",2.00832835340606
"1","3.75",2.23940112831194
"1","3.75",2.41650054244999
"1","3.75",2.35790978243299
"1","3.75",2.5534085369633
"1","3.75",2.16905139831014
"1","3.75",2.48319741696435
"1","3.75",2.47662604938184
"1","3.75",2.74479970611726
"1","3.75",2.9820458207808
"1","3.75",2.28663862668042
"1","3.75",2.4127602253778
"1","3.75",2.89872005552322
"1","3.75",2.51176557819885
"1","3.75",2.49164945330536
"1","3.75",2.60401487648872
"1","3.75",2.67870134819675
"1","3.75",2.15242105477468
"1","3.75",2.08584155303491
"1","3.75",1.81377369824059
"1","3.75",2.51540469423893
"1","3.75",2.34570621263838
"1","3.75",2.24878799373023
"1","3.75",2.17607581640008
"1","3.75",2.53560377526727
"1b","2.5",1.08960843373494
"1b","2.5",1.32075155414071
"1b","2.5",1.38234284548955
"1b","2.5",1.33082344950049
"1b","2.5",1.55712632270014
"1b","2.5",1.30312582085632
"1b","2.5",1.44454354019571
"1b","2.5",1.29548384893223
"1b","2.5",1.23977676312556
"1b","2.5",1.58487876887025
"1b","2.5",1.43416956601355
"1b","2.5",1.64130529694613
"1b","2.5",1.33450182679965
"1b","2.5",1.3086498563677
"1b","2.5",1.34036144578313
"1b","2.5",1.68329498376172
"1b","2.5",1.78067267306764
"1b","2.5",1.28930155210643
"1b","2.5",1.39542388784162
"1b","2.5",1.42964499769479
"1b","2.5",1.4977242767807
"1b","2.5",1.50984752931529
"1b","2.5",1.21090693538826
"1b","2.5",1.38010849909584
"1b","2.5",1.30392777953754
"1b","2.5",1.52981068914229
"1b","2.5",1.44657739022112
"1b","2.5",1.48696779060853
"1b","2.5",1.29512113693179
"1b","2.5",1.51722812940939
"1b","2.5",1.39371426186402
"1b","2.5",1.80289161911909
"1b","2.5",1.52285714285714
"1b","2.5",1.28038865546219
"1b","2.5",1.49252949427222
"1b","2.5",1.4243726414646
"1b","2.5",1.45077150708096
"1b","2.5",1.45406178035417
"1b","2.5",1.54837436868687
"1b","2.5",1.41880035177894
"1b","2.5",1.60113937340631
"1b","2.5",1.46125
"1b","2.5",1.32522387698951
"1b","2.5",1.41893382378923
"1b","2.5",1.32131566028473
"1b","2.5",1.2543980555185
"1b","2.5",1.33282915586286
"1b","2.5",1.50655075319483
"1b","2.5",1.23235937189426
"1b","2.5",1.32391688311688
"1b","2.5",1.30729181116197
"1b","2.5",1.45791517474406
"1b","2.5",1.22081907426373
"1b","2.5",1.26362663404938
"1b","2.5",1.41787620297156
"1b","2.5",1.56845238095238
"1b","2.5",1.2551652892562
"1b","2.5",1.4922700478256
"1b","2.5",1.35900431344357
"1b","2.5",1.51516097836161
"1b","2.5",1.38291139240506
"1b","2.5",1.37251737835154
"1b","2.5",1.27516611295681
"1b","2.5",1.34976034250081
"1b","2.5",1.27820113770527
"1b","2.5",1.28145348837209
"1b","2.5",1.61831155735021
"1b","2.5",1.29617007465109
"1b","2.5",1.50906795224977
"1b","2.5",1.29192129805141
"1b","2.5",1.19990970811412
"1b","2.5",1.33808049535604
"1b","2.5",1.40672998218499
"1b","2.5",1.52988667159399
"1b","2.5",1.40980744239009
"1b","2.5",1.22336178565915
"1b","2.5",1.2410711744785
"1b","2.5",1.39901234567901
"1b","2.5",1.5129452240833
"1b","2.5",1.41666666666667
"1b","2.5",1.18373913043478
"1b","2.5",1.38222267712737
"1b","2.5",1.56971523977459
"1b","2.5",1.40495192567385
"1b","2.5",1.40773771682863
"1b","2.5",1.09074074074074
"1b","2.5",1.53001245166317
"1b","2.5",1.42777777777778
"1b","2.5",1.33803232013168
"1b","2.5",1.25552134921697
"1b","2.5",1.50205470253816
"1b","2.5",1.55421686746988
"1b","2.5",1.16383571858292
"1b","2.5",1.38865489130435
"1b","2.5",1.36665482954545
"1b","2.5",1.49462967106735
"1b","2.5",1.40865229967614
"1b","2.5",1.39955978860159
"1b","2.5",1.33450182679965
"1b","2.5",1.54103448565795
"1b","3.125",1.54811826470491
"1b","3.125",1.39603665145879
"1b","3.125",1.71688902595602
"1b","3.125",1.41975985696584
"1b","3.125",1.69659928356945
"1b","3.125",1.82491034241302
"1b","3.125",1.98685119833207
"1b","3.125",1.59321088119042
"1b","3.125",1.52015243783494
"1b","3.125",1.62050302215481
"1b","3.125",1.8515653655159
"1b","3.125",1.91895560507023
"1b","3.125",1.42376069485762
"1b","3.125",1.9064514172301
"1b","3.125",1.74669651906506
"1b","3.125",2.16304527964364
"1b","3.125",1.8352799504197
"1b","3.125",1.55345001950938
"1b","3.125",1.98862138053462
"1b","3.125",1.45298382277393
"1b","3.125",1.66710850572724
"1b","3.125",1.70101854903168
"1b","3.125",1.58555830933584
"1b","3.125",1.69598863313441
"1b","3.125",1.66143867165656
"1b","3.125",1.82092285869798
"1b","3.125",2.0441143058622
"1b","3.125",2.07781850968333
"1b","3.125",1.60259357425322
"1b","3.125",1.66292165557067
"1b","3.125",1.75916277797155
"1b","3.125",1.73953357803815
"1b","3.125",1.7422871129326
"1b","3.125",1.64645995441046
"1b","3.125",1.65183792860641
"1b","3.125",1.75990233333045
"1b","3.125",1.86824769433465
"1b","3.125",1.75651329591806
"1b","3.125",1.68650056332745
"1b","3.125",1.60345434400273
"1b","3.125",1.54702364013334
"1b","3.125",1.40635811630095
"1b","3.125",1.69150140155894
"1b","3.125",1.71332700565223
"1b","3.125",1.85660366333057
"1b","3.125",1.70847484212259
"1b","3.125",1.77481460662553
"1b","3.125",2.23477346783854
"1b","3.125",1.49410889644145
"1b","3.125",1.66898251168964
"1b","3.125",1.69980725848139
"1b","3.125",1.49798493311852
"1b","3.125",1.72392797325532
"1b","3.125",1.76743962693375
"1b","3.125",1.96819921950045
"1b","3.125",1.48166097519395
"1b","3.125",1.60574280267226
"1b","3.125",1.91101996038794
"1b","3.125",1.88630192076259
"1b","3.125",1.53034049244289
"1b","3.125",1.83929418711104
"1b","3.125",1.91243185287412
"1b","3.125",1.52082340281571
"1b","3.125",1.74043717622289
"1b","3.125",1.60748203964782
"1b","3.125",1.91427095687447
"1b","3.125",1.68305084076264
"1b","3.125",1.5404726874723
"1b","3.125",1.97608435938273
"1b","3.125",1.85118565289552
"1b","3.125",1.83183257327621
"1b","3.125",1.90250506113692
"1b","3.125",1.78575473057379
"1b","3.125",1.78838918136301
"1b","3.125",1.82311485287038
"1b","3.125",1.91664487401003
"1b","3.125",1.67417638937766
"1b","3.125",2.12302174847781
"1b","3.125",1.43388209275002
"1b","3.125",1.81527601690216
"1b","3.125",1.90046438237501
"1b","3.125",1.65231676524798
"1b","3.125",1.93576009330682
"1b","3.125",1.50783326103944
"1b","3.125",1.68686868686869
"1b","3.125",1.70634976697976
"1b","3.125",1.7617737736806
"1b","3.125",1.95651162218488
"1b","3.125",1.6844512195122
"1b","3.125",1.76019653623372
"1b","3.125",1.60125838270962
"1b","3.125",1.71130750967156
"1b","3.125",1.64887313986937
"1b","3.125",2.07437050074589
"1b","3.125",1.31910907820342
"1b","3.125",1.73761507884978
"1b","3.125",1.86620622465213
"1b","3.125",1.80241212362769
"1b","3.125",1.95321691018297
"1b","3.125",1.79916181552366
"1b","3.75",1.99147804884925
"1b","3.75",1.97610120771667
"1b","3.75",1.90192831381752
"1b","3.75",2.6865506792114
"1b","3.75",1.77001983531213
"1b","3.75",2.13632604872842
"1b","3.75",1.98782492954038
"1b","3.75",1.9268026191609
"1b","3.75",1.88280413390806
"1b","3.75",2.33025338541874
"1b","3.75",2.02455348784145
"1b","3.75",1.89748544069508
"1b","3.75",1.70633196035919
"1b","3.75",1.82687864129756
"1b","3.75",1.88659543449083
"1b","3.75",2.38034571480369
"1b","3.75",2.51599244832728
"1b","3.75",2.05388328500948
"1b","3.75",2.16648418409414
"1b","3.75",1.93844046715846
"1b","3.75",2.32025829974616
"1b","3.75",2.18314756348256
"1b","3.75",1.98674158568539
"1b","3.75",2.16710367754528
"1b","3.75",1.88388382217285
"1b","3.75",2.00114358114056
"1b","3.75",1.60203852020518
"1b","3.75",2.67180419228345
"1b","3.75",1.84678168298155
"1b","3.75",1.85888668353628
"1b","3.75",2.01169026298469
"1b","3.75",2.49122706939984
"1b","3.75",1.82626465479903
"1b","3.75",1.84294245577355
"1b","3.75",2.63515924239279
"1b","3.75",1.78689928506648
"1b","3.75",2.25921456217929
"1b","3.75",1.87377360611334
"1b","3.75",2.47455523568704
"1b","3.75",1.97659073076609
"1b","3.75",2.10970570204202
"1b","3.75",1.64816208446702
"1b","3.75",2.36953361902413
"1b","3.75",1.94308186641354
"1b","3.75",2.08598566084409
"1b","3.75",1.82747476442079
"1b","3.75",1.96602054776585
"1b","3.75",2.37588765465817
"1b","3.75",2.13169907211637
"1b","3.75",2.32232411591158
"1b","3.75",2.12508966788915
"1b","3.75",1.73781325333308
"1b","3.75",2.3617709217003
"1b","3.75",2.2496246397027
"1b","3.75",2.15136424695817
"1b","3.75",1.86677788492848
"1b","3.75",1.76009375311636
"1b","3.75",2.30296587345231
"1b","3.75",1.89537917199434
"1b","3.75",1.91881200409972
"1b","3.75",1.8996529187038
"1b","3.75",2.11048959180287
"1b","3.75",1.53801894811015
"1b","3.75",1.9071564438057
"1b","3.75",1.71969834486214
"1b","3.75",2.63307882583229
"1b","3.75",2.11161002874893
"1b","3.75",2.0496274803237
"1b","3.75",2.29857009690589
"1b","3.75",2.72565541056982
"1b","3.75",2.26299361793134
"1b","3.75",2.24431746040238
"1b","3.75",2.16161649766364
"1b","3.75",2.19950495489486
"1b","3.75",2.15756744207579
"1b","3.75",2.20109257441668
"1b","3.75",1.89892081778765
"1b","3.75",2.27314139638096
"1b","3.75",1.9293127008976
"1b","3.75",1.87254476128977
"1b","3.75",2.59782964101692
"1b","3.75",2.2428352634201
"1b","3.75",1.87373950850918
"1b","3.75",2.23106692145391
"1b","3.75",2.29307879132363
"1b","3.75",1.74791859033549
"1b","3.75",1.80772240899436
"1b","3.75",2.06437902888958
"1b","3.75",1.87377352813166
"1b","3.75",1.82841202197591
"1b","3.75",2.58582691914378
"1b","3.75",1.96501940664524
"1b","3.75",1.98825171344177
"1b","3.75",1.77874352372972
"1b","3.75",2.16680051702768
"1b","3.75",2.4999491737688
"1b","3.75",2.14485032673296
"1b","3.75",1.95689140315108
"1b","3.75",2.08792798183393
"1b","3.75",1.9200325669958
"2","2.5",1.13690476190476
"2","2.5",1.05732493136655
"2","2.5",1.05699481865285
"2","2.5",1.26702115708669
"2","2.5",1.21865581153646
"2","2.5",1.34899836943862
"2","2.5",1.3298680827564
"2","2.5",1.32291464977549
"2","2.5",1.34545454545455
"2","2.5",1.13095823095823
"2","2.5",0.983516483516484
"2","2.5",1.22950058072009
"2","2.5",1.18833849329205
"2","2.5",1.05963302752294
"2","2.5",1.01149425287356
"2","2.5",1.10096153846154
"2","2.5",1.40308943089431
"2","2.5",1.10877672146646
"2","2.5",1.21136989732031
"2","2.5",1.33897674418605
"2","2.5",1.24860800922162
"2","2.5",1.17888262784125
"2","2.5",1.32699081050186
"2","2.5",1.30922986478542
"2","2.5",1.01829268292683
"2","2.5",1.23208722741433
"2","2.5",1.07183257918552
"2","2.5",1.13419913419913
"2","2.5",0.905349794238683
"2","2.5",1.37805252226997
"2","2.5",1.11585365853659
"2","2.5",0.95615671641791
"2","2.5",1.07479357834514
"2","2.5",1.07100340136054
"2","2.5",1.09306116540991
"2","2.5",1.14796784784331
"2","2.5",1.46572496884088
"2","2.5",1.33729428466271
"2","2.5",1.20175970873786
"2","2.5",1.08101988076657
"2","2.5",1.12567660910518
"2","2.5",1.10983646570661
"2","2.5",1.27134146341463
"2","2.5",1.06142663844846
"2","2.5",1.05633802816901
"2","2.5",1.03973509933775
"2","2.5",1.12334801762115
"2","2.5",1.2754650550341
"2","2.5",1.03076923076923
"2","2.5",1.15346648301194
"2","2.5",1.31721801362823
"2","2.5",1.22917991099809
"2","2.5",1.1720036439265
"2","2.5",1.1626277271472
"2","2.5",1.45435714285714
"2","2.5",1.08936170212766
"2","2.5",1.04415698486845
"2","2.5",1.34810126582278
"2","2.5",1.14871794871795
"2","2.5",1.04583333333333
"2","2.5",1.04624277456647
"2","2.5",1.14507772020725
"2","2.5",1.13698630136986
"2","2.5",1.16574585635359
"2","2.5",1.14130434782609
"2","2.5",0.988710895630974
"2","2.5",1.62345679012346
"2","2.5",1.23314354210369
"2","2.5",1.15384615384615
"2","2.5",1.4746835443038
"2","2.5",1.04147465437788
"2","2.5",1.35220125786164
"2","2.5",1.12012812362463
"2","2.5",1.56761833208114
"2","2.5",1.10882352941176
"2","2.5",1.39675615609226
"2","2.5",1.17816091954023
"2","2.5",1.14594829550791
"2","2.5",0.995708154506438
"2","2.5",1.26102941176471
"2","2.5",1.17615801507325
"2","2.5",1.09206838881732
"2","2.5",1.32478140281958
"2","2.5",1.10609519068952
"2","2.5",1.06635071090047
"2","2.5",1.05376344086022
"2","2.5",1.39444444444444
"2","2.5",1.15183246073298
"2","2.5",1.14345860295338
"2","2.5",1.23081648081648
"2","2.5",1.32954545454545
"2","2.5",0.958041958041958
"2","2.5",1.1025641025641
"2","2.5",1.15793963910824
"2","2.5",1.07291666666667
"2","2.5",1.26376172090458
"2","2.5",1.26335617244708
"2","2.5",1
"2","2.5",1.12172119068671
"2","2.5",1.40841897384769
"2","3.125",1.25427766948235
"2","3.125",1.37399926603433
"2","3.125",1.19649561952441
"2","3.125",1.43411073269741
"2","3.125",1.41613640857931
"2","3.125",1.52684476190476
"2","3.125",1.43006931425277
"2","3.125",1.45508935444711
"2","3.125",1.36261601554069
"2","3.125",1.60165558398496
"2","3.125",1.25824705202258
"2","3.125",1.24713853324474
"2","3.125",1.34308510638298
"2","3.125",1.24573675336203
"2","3.125",1.53315821897029
"2","3.125",1.63909576596255
"2","3.125",1.50232804756762
"2","3.125",1.28690462785722
"2","3.125",1.36112037926508
"2","3.125",1.43524152956202
"2","3.125",1.13811143201423
"2","3.125",1.46902128372717
"2","3.125",1.53019134728252
"2","3.125",1.6346347530021
"2","3.125",1.31326329022989
"2","3.125",1.47301311728395
"2","3.125",1.45748325204076
"2","3.125",1.23952215032354
"2","3.125",1.33738191632928
"2","3.125",1.34910767211305
"2","3.125",1.38133203694701
"2","3.125",1.49389713990078
"2","3.125",1.44533389514026
"2","3.125",1.32594021215043
"2","3.125",1.61006126585134
"2","3.125",1.38282182411833
"2","3.125",1.66762472920387
"2","3.125",1.44712812613509
"2","3.125",1.45783686384849
"2","3.125",1.31005601216381
"2","3.125",1.55440583603388
"2","3.125",1.58217654539051
"2","3.125",1.45486672275678
"2","3.125",1.47969170780055
"2","3.125",1.50726829268293
"2","3.125",1.27708494797905
"2","3.125",1.7380453832825
"2","3.125",1.53975155279503
"2","3.125",1.5432734929078
"2","3.125",1.54913378487541
"2","3.125",1.55237326637972
"2","3.125",1.67822067458873
"2","3.125",1.46472542174417
"2","3.125",1.44406882591093
"2","3.125",1.51788379875674
"2","3.125",1.32639766650462
"2","3.125",1.21050324694049
"2","3.125",1.88913673620925
"2","3.125",1.48163530962368
"2","3.125",1.46084326998545
"2","3.125",1.57314190163178
"2","3.125",1.5289164817404
"2","3.125",1.50549941710907
"2","3.125",1.15994318181818
"2","3.125",1.31796063607793
"2","3.125",1.54300966064792
"2","3.125",1.66912156058498
"2","3.125",1.54504090057049
"2","3.125",1.64906321901198
"2","3.125",1.35963045912654
"2","3.125",1.36336085546954
"2","3.125",1.38638197078663
"2","3.125",1.26765646611342
"2","3.125",1.63163463059643
"2","3.125",1.45747449923366
"2","3.125",1.51170553093348
"2","3.125",1.42052912223134
"2","3.125",1.45250658284874
"2","3.125",1.47249190938511
"2","3.125",1.4133792334636
"2","3.125",1.42594859241126
"2","3.125",1.38112351146206
"2","3.125",1.23458359821996
"2","3.125",1.39864864864865
"2","3.125",1.33916279069767
"2","3.125",1.26234759990776
"2","3.125",1.2933166357185
"2","3.125",1.40871747283005
"2","3.125",1.45720033682401
"2","3.125",1.64941680578645
"2","3.125",1.60589455942274
"2","3.125",1.31167149583484
"2","3.125",1.37010324737951
"2","3.125",1.56107332316745
"2","3.125",1.65728565936178
"2","3.125",1.54198920620565
"2","3.125",1.54750622948061
"2","3.125",1.37298778059411
"2","3.125",1.56004923355735
"2","3.125",1.77829166550217
"2","3.75",1.88814535468885
"2","3.75",1.59171518889554
"2","3.75",1.29640097301431
"2","3.75",1.65662024756852
"2","3.75",1.61440640405845
"2","3.75",1.61184242424242
"2","3.75",1.66681098339519
"2","3.75",1.70900809462999
"2","3.75",1.8544605196382
"2","3.75",1.42248782467532
"2","3.75",1.59839719615135
"2","3.75",1.57808467741936
"2","3.75",1.90264456661577
"2","3.75",1.53007386200546
"2","3.75",1.67298867882722
"2","3.75",1.89053480076165
"2","3.75",1.99719717820724
"2","3.75",1.81248333084318
"2","3.75",2.01528111940785
"2","3.75",1.62985617196144
"2","3.75",2.00381053402701
"2","3.75",1.74996356877528
"2","3.75",1.85208341807212
"2","3.75",2.01705711701689
"2","3.75",1.84274512156291
"2","3.75",1.54458102120704
"2","3.75",1.79739415009125
"2","3.75",1.79116773596259
"2","3.75",1.60683642430044
"2","3.75",1.70124427846221
"2","3.75",1.4495049703383
"2","3.75",1.84482906392599
"2","3.75",1.87442449779375
"2","3.75",1.63250018748781
"2","3.75",1.4988230826537
"2","3.75",1.73597688572337
"2","3.75",1.88099809911811
"2","3.75",1.56973618159845
"2","3.75",1.44412608335497
"2","3.75",1.64712165783757
"2","3.75",2.02642547681488
"2","3.75",1.54784688995215
"2","3.75",2.24455307275042
"2","3.75",1.69940279657629
"2","3.75",1.80735389286389
"2","3.75",1.71305735263344
"2","3.75",2.02079521140054
"2","3.75",1.96283957579531
"2","3.75",1.46247620942556
"2","3.75",1.81085324580212
"2","3.75",1.58093424647858
"2","3.75",1.87330106941308
"2","3.75",1.88251469980615
"2","3.75",1.66975496399651
"2","3.75",1.89721453846609
"2","3.75",1.62023552291362
"2","3.75",1.8688817523987
"2","3.75",1.70900762387666
"2","3.75",2.1722629281877
"2","3.75",1.69401959040513
"2","3.75",1.99550089366527
"2","3.75",1.86480009022726
"2","3.75",1.8824731153711
"2","3.75",2.00011920289855
"2","3.75",1.65874717743235
"2","3.75",1.91695134432467
"2","3.75",1.6705953074263
"2","3.75",2.04360091963392
"2","3.75",2.05028754366449
"2","3.75",1.98863423322085
"2","3.75",1.76025041087244
"2","3.75",1.70182991465756
"2","3.75",1.77105291556733
"2","3.75",1.74435832937826
"2","3.75",1.88907081115322
"2","3.75",1.74085778219167
"2","3.75",1.7521180140474
"2","3.75",1.58482323476945
"2","3.75",1.70617586897707
"2","3.75",1.8693138973774
"2","3.75",1.58786184716518
"2","3.75",1.60269917110284
"2","3.75",1.45395809127379
"2","3.75",1.52263852067869
"2","3.75",1.58086069774381
"2","3.75",1.52596153846154
"2","3.75",1.78409986418739
"2","3.75",1.47264142278087
"2","3.75",1.65136386874591
"2","3.75",1.73668822255519
"2","3.75",2.12245654798772
"2","3.75",1.74789277016309
"2","3.75",1.75914596395646
"2","3.75",1.40585278284479
"2","3.75",1.96333644001063
"2","3.75",2.02202673149548
"2","3.75",1.79484982381055
"2","3.75",1.58621310102792
"2","3.75",1.91504523282616
"2","3.75",1.63835410621125
"3","2.5",0.946745562130178
"3","2.5",0.779310344827586
"3","2.5",0.9375
"3","2.5",0.856540084388186
"3","2.5",1.02369668246445
"3","2.5",0.985074626865672
"3","2.5",0.919205413984115
"3","2.5",1.04237288135593
"3","2.5",0.912698412698413
"3","2.5",0.826666666666667
"3","2.5",0.864285714285714
"3","2.5",0.813471502590673
"3","2.5",0.903448275862069
"3","2.5",0.846153846153846
"3","2.5",0.783333333333333
"3","2.5",1.02083333333333
"3","2.5",0.941935483870968
"3","2.5",1
"3","2.5",1.015625
"3","2.5",0.96236559139785
"3","2.5",0.828193832599119
"3","2.5",1.07960199004975
"3","2.5",0.863095238095238
"3","2.5",1.00492610837438
"3","2.5",0.930555555555556
"3","2.5",0.926229508196721
"3","2.5",0.826612903225806
"3","2.5",0.876404494382022
"3","2.5",0.980487804878049
"3","2.5",0.987179487179487
"3","2.5",0.920245398773006
"3","2.5",1.14423695404088
"3","2.5",0.844827586206896
"3","2.5",0.887323943661972
"3","2.5",0.9
"3","2.5",0.812765957446808
"3","2.5",0.877551020408163
"3","2.5",0.830845771144279
"3","2.5",0.975124378109453
"3","2.5",0.838235294117647
"3","2.5",0.844919786096257
"3","2.5",0.961111111111111
"3","2.5",0.917073170731707
"3","2.5",0.991266375545852
"3","2.5",0.860869565217391
"3","2.5",0.857142857142857
"3","2.5",0.896713615023474
"3","2.5",1.13654191621168
"3","2.5",1.096
"3","2.5",0.94238683127572
"3","2.5",0.835714285714286
"3","2.5",0.969230769230769
"3","2.5",0.695652173913043
"3","2.5",1.03960396039604
"3","2.5",0.838427947598253
"3","2.5",0.813432835820895
"3","2.5",0.890909090909091
"3","2.5",0.923566878980892
"3","2.5",1.00662251655629
"3","2.5",0.923076923076923
"3","2.5",1.02222222222222
"3","2.5",1.00675675675676
"3","2.5",0.966183574879227
"3","2.5",0.994152046783626
"3","2.5",0.908713692946058
"3","2.5",0.961538461538462
"3","2.5",1
"3","2.5",0.965
"3","2.5",0.907894736842105
"3","2.5",0.986111111111111
"3","2.5",0.880829015544041
"3","2.5",1
"3","2.5",1.00448430493274
"3","2.5",0.902173913043478
"3","2.5",1.26147843345524
"3","2.5",1.00787401574803
"3","2.5",0.984848484848485
"3","2.5",0.918918918918919
"3","2.5",0.958139534883721
"3","2.5",0.833333333333333
"3","2.5",0.979338842975207
"3","2.5",0.714953271028037
"3","2.5",0.828877005347593
"3","2.5",0.952
"3","2.5",0.818181818181818
"3","2.5",1.04733727810651
"3","2.5",0.788461538461538
"3","2.5",1.06329113924051
"3","2.5",0.855555555555556
"3","2.5",0.756345177664975
"3","2.5",1.01442307692308
"3","2.5",0.971223021582734
"3","2.5",0.863013698630137
"3","2.5",0.808383233532934
"3","2.5",1.02631578947368
"3","2.5",1.04471544715447
"3","2.5",0.670293746789334
"3","2.5",1.08298755186722
"3","2.5",0.950276243093923
"3","2.5",1.26674107142857
"3","3.125",0.881020693544269
"3","3.125",0.888888888888889
"3","3.125",1.06912442396313
"3","3.125",1.32178955208001
"3","3.125",1.20032153955057
"3","3.125",1.09727046406583
"3","3.125",1.06730299762315
"3","3.125",1.2156862745098
"3","3.125",1.33026944692473
"3","3.125",1.07260256806712
"3","3.125",1.11963036963037
"3","3.125",1.17835880687757
"3","3.125",1.04581367589382
"3","3.125",0.991111111111111
"3","3.125",0.995726495726496
"3","3.125",1.08838684324715
"3","3.125",1.22435897435897
"3","3.125",1.06907141181596
"3","3.125",1.31462680810029
"3","3.125",1.10540621192917
"3","3.125",1.21551425255129
"3","3.125",1.09288507673601
"3","3.125",1.19468390804598
"3","3.125",1.20741071428571
"3","3.125",1.32364727709266
"3","3.125",1.03073132780083
"3","3.125",0.901554404145078
"3","3.125",1.27472527472527
"3","3.125",0.986666666666667
"3","3.125",1.13918419742737
"3","3.125",1.05726600985222
"3","3.125",0.954128440366972
"3","3.125",1.04562737642586
"3","3.125",0.972498606465998
"3","3.125",1.09782608695652
"3","3.125",1.16410706199551
"3","3.125",1.01970443349754
"3","3.125",1.01831894619437
"3","3.125",1.3972049689441
"3","3.125",1.05496507743699
"3","3.125",1.60191258049644
"3","3.125",0.981529192055508
"3","3.125",1.24199762892709
"3","3.125",1.15025724316371
"3","3.125",1.18048128342246
"3","3.125",1.09013781861292
"3","3.125",1.05922876180329
"3","3.125",1.19415458889143
"3","3.125",1.45871649864765
"3","3.125",1.06755717855084
"3","3.125",1.13821554860862
"3","3.125",1.22666410244807
"3","3.125",0.962765957446808
"3","3.125",1.16887887135821
"3","3.125",1.18142278658201
"3","3.125",0.966101694915254
"3","3.125",1.15280665280665
"3","3.125",1.04273504273504
"3","3.125",1.31800288600289
"3","3.125",1.18536334594059
"3","3.125",1.14173669467787
"3","3.125",1.08461484477117
"3","3.125",1.17928959007797
"3","3.125",1.0156862745098
"3","3.125",1.14995816471151
"3","3.125",1.02718233471074
"3","3.125",1.20430672268908
"3","3.125",1.1217044366422
"3","3.125",1.02734375
"3","3.125",1.04090909090909
"3","3.125",1.24912975422858
"3","3.125",1.25434088979507
"3","3.125",0.907834101382488
"3","3.125",0.978354978354978
"3","3.125",1.04130434782609
"3","3.125",1.17123466702393
"3","3.125",1.32774166491927
"3","3.125",1.03236439916092
"3","3.125",0.965317919075144
"3","3.125",1.1086860670194
"3","3.125",0.973684210526316
"3","3.125",0.859649122807017
"3","3.125",0.9
"3","3.125",1.03734439834025
"3","3.125",0.941798941798942
"3","3.125",0.98346826287567
"3","3.125",1.01104972375691
"3","3.125",1.07723577235772
"3","3.125",1.13434442270059
"3","3.125",1.35895698847685
"3","3.125",1.29841326530612
"3","3.125",1.14767098000181
"3","3.125",0.887892376681614
"3","3.125",1.17527316270019
"3","3.125",0.939914163090129
"3","3.125",1.17798706240487
"3","3.125",1.11345755693582
"3","3.125",1.21031976744186
"3","3.125",1.21822263034384
"3","3.125",1.27689727463312
"3","3.75",1.16440260858866
"3","3.75",1.14098720538721
"3","3.75",1.50535319236508
"3","3.75",1.2110191208358
"3","3.75",1.60594296680936
"3","3.75",1.61180780405111
"3","3.75",1.08867100391868
"3","3.75",1.13971698113208
"3","3.75",1.1637335009428
"3","3.75",1.32868722328211
"3","3.75",1.10906935388263
"3","3.75",1.17461197339246
"3","3.75",1.37892661179698
"3","3.75",1.2703526821777
"3","3.75",1.22237614150838
"3","3.75",1.61437477011006
"3","3.75",1.66911760571543
"3","3.75",1.35460499989469
"3","3.75",1.32120870154208
"3","3.75",1.46187865339902
"3","3.75",1.34984444130383
"3","3.75",1.48314445902422
"3","3.75",1.09912854030501
"3","3.75",1.5002106741573
"3","3.75",1.15478708728042
"3","3.75",1.02120893904218
"3","3.75",1.28279883381924
"3","3.75",1.31657555846197
"3","3.75",1.28675545302013
"3","3.75",1.7011158966575
"3","3.75",1.29017094017094
"3","3.75",1.71804962535233
"3","3.75",1.31363534424759
"3","3.75",1.33378056450196
"3","3.75",1.29224844704305
"3","3.75",1.2232481442425
"3","3.75",1.34738667297924
"3","3.75",1.37322024434666
"3","3.75",1.4013299013299
"3","3.75",1.4239116617664
"3","3.75",1.58908403376648
"3","3.75",1.27402265253928
"3","3.75",1.33057444818118
"3","3.75",1.3276957057241
"3","3.75",1.45167819193793
"3","3.75",1.47071307770006
"3","3.75",1.48369822459781
"3","3.75",1.56960949227082
"3","3.75",1.21230287930693
"3","3.75",1.80484488714667
"3","3.75",1.40081747771915
"3","3.75",1.2635096806018
"3","3.75",1.37067556836733
"3","3.75",1.51466466792526
"3","3.75",1.29510988304845
"3","3.75",1.23417721518987
"3","3.75",1.59868546753793
"3","3.75",1.32382197013788
"3","3.75",1.54848754828276
"3","3.75",1.34856533462111
"3","3.75",1.37489147860025
"3","3.75",1.2553766634981
"3","3.75",1.47963800904977
"3","3.75",1.40682289175833
"3","3.75",1.45454311884177
"3","3.75",1.26754475235948
"3","3.75",1.35857334728763
"3","3.75",1.25006522614224
"3","3.75",1.25649277254762
"3","3.75",1.32479972135145
"3","3.75",1.20329848242335
"3","3.75",1.33778343535486
"3","3.75",1.67823358614175
"3","3.75",1.02961865975565
"3","3.75",1.61717347692957
"3","3.75",1.43198469817805
"3","3.75",1.24995744841803
"3","3.75",1.52358904134143
"3","3.75",1.20648329698924
"3","3.75",1.23498622589532
"3","3.75",1.17493385237675
"3","3.75",1.44887238847431
"3","3.75",1.30027173913043
"3","3.75",1.29069563324603
"3","3.75",1.01233918348428
"3","3.75",0.94170403587444
"3","3.75",1.29080638103194
"3","3.75",1.56619584629026
"3","3.75",1.3969273147633
"3","3.75",1.05979608525905
"3","3.75",1.38442937705489
"3","3.75",1.36233528977483
"3","3.75",1.3230097627508
"3","3.75",1.26182602099355
"3","3.75",1.39559225375228
"3","3.75",1.31758955199184
"3","3.75",1.26854615683574
"3","3.75",1.31175458526674
"3","3.75",1.28281227108207
"3","3.75",1.57712743362049
"4","2.5",0.802816901408451
"4","2.5",0.662447257383966
"4","2.5",0.382911392405063
"4","2.5",0.604651162790698
"4","2.5",0.491379310344828
"4","2.5",0.564102564102564
"4","2.5",0.642335766423358
"4","2.5",0.48421052631579
"4","2.5",0.36013986013986
"4","2.5",0.610486891385768
"4","2.5",0.406143344709898
"4","2.5",0.401337792642141
"4","2.5",0.520179372197309
"4","2.5",0.676767676767677
"4","2.5",0.472602739726027
"4","2.5",0.606334841628959
"4","2.5",0.537549407114625
"4","2.5",0.589958158995816
"4","2.5",0.525179856115108
"4","2.5",0.783132530120482
"4","2.5",0.638009049773756
"4","2.5",0.550387596899225
"4","2.5",0.622047244094488
"4","2.5",0.761702127659574
"4","2.5",0.364640883977901
"4","2.5",0.564315352697095
"4","2.5",0.622950819672131
"4","2.5",0.360606060606061
"4","2.5",0.475155279503106
"4","2.5",0.639344262295082
"4","2.5",0.43046357615894
"4","2.5",0.507142857142857
"4","2.5",0.642156862745098
"4","2.5",0.482608695652174
"4","2.5",0.55448717948718
"4","2.5",0.531380753138075
"4","2.5",0.576923076923077
"4","2.5",0.603846153846154
"4","2.5",0.66798418972332
"4","2.5",0.662447257383966
"4","2.5",0.558620689655172
"4","2.5",0.536082474226804
"4","2.5",0.612
"4","2.5",0.529880478087649
"4","2.5",0.561946902654867
"4","2.5",0.584558823529412
"4","2.5",0.795
"4","2.5",0.566710675216899
"4","2.5",0.372109937222477
"4","2.5",0.588477366255144
"4","2.5",0.745222929936306
"4","2.5",0.588235294117647
"4","2.5",0.417543859649123
"4","2.5",0.51937984496124
"4","2.5",0.409420289855072
"4","2.5",0.539094650205761
"4","2.5",0.580769230769231
"4","2.5",0.328125
"4","2.5",0.610441767068273
"4","2.5",0.674107142857143
"4","2.5",0.550847457627119
"4","2.5",0.48689138576779
"4","2.5",0.62396694214876
"4","2.5",0.331395348837209
"4","2.5",0.539823008849557
"4","2.5",0.504201680672269
"4","2.5",0.874285714285714
"4","2.5",0.341107871720117
"4","2.5",0.36036036036036
"4","2.5",0.400651465798046
"4","2.5",0.661971830985916
"4","2.5",0.613168724279835
"4","2.5",0.703030303030303
"4","2.5",0.445141065830721
"4","2.5",0.711229946524064
"4","2.5",0.476377952755905
"4","2.5",0.434262948207171
"4","2.5",0.494983277591973
"4","2.5",0.380821917808219
"4","2.5",0.767932489451477
"4","2.5",0.546218487394958
"4","2.5",0.501930501930502
"4","2.5",0.47940074906367
"4","2.5",0.490909090909091
"4","2.5",0.379661016949153
"4","2.5",0.390243902439024
"4","2.5",0.412103746397695
"4","2.5",0.439446366782007
"4","2.5",0.59915611814346
"4","2.5",0.548780487804878
"4","2.5",0.407284768211921
"4","2.5",0.550632911392405
"4","2.5",0.524793388429752
"4","2.5",0.779141104294479
"4","2.5",0.493377483443709
"4","2.5",0.475095785440613
"4","2.5",0.770642201834862
"4","2.5",0.501730103806228
"4","2.5",0.442567567567567
"4","2.5",0.37
"4","3.125",0.508403361344538
"4","3.125",0.540540540540541
"4","3.125",0.5625
"4","3.125",0.645739910313901
"4","3.125",0.523605150214592
"4","3.125",0.608108108108108
"4","3.125",0.601941747572815
"4","3.125",0.571984435797665
"4","3.125",0.593155893536122
"4","3.125",0.44078947368421
"4","3.125",0.517241379310345
"4","3.125",0.638120369248444
"4","3.125",0.695652173913043
"4","3.125",0.584313725490196
"4","3.125",0.609489051094891
"4","3.125",0.668141592920354
"4","3.125",0.490494296577947
"4","3.125",0.543307086614173
"4","3.125",0.718061674008811
"4","3.125",0.809859154929577
"4","3.125",0.610655737704918
"4","3.125",0.725352112676056
"4","3.125",0.65587044534413
"4","3.125",0.708108108108108
"4","3.125",0.562248995983936
"4","3.125",0.618923611111111
"4","3.125",0.6
"4","3.125",0.525547445255474
"4","3.125",0.616113744075829
"4","3.125",0.648936170212766
"4","3.125",0.492307692307692
"4","3.125",0.537593984962406
"4","3.125",0.62962962962963
"4","3.125",0.625550660792952
"4","3.125",0.322981366459627
"4","3.125",0.505928853754941
"4","3.125",0.432142857142857
"4","3.125",0.612614936639079
"4","3.125",0.653333333333333
"4","3.125",0.576923076923077
"4","3.125",0.720524017467249
"4","3.125",0.526690391459075
"4","3.125",0.77720207253886
"4","3.125",0.654135338345865
"4","3.125",0.521739130434783
"4","3.125",0.618320610687023
"4","3.125",0.477941176470588
"4","3.125",0.46495207120849
"4","3.125",0.786206896551724
"4","3.125",0.728506787330317
"4","3.125",0.674698795180723
"4","3.125",0.774193548387097
"4","3.125",0.640167364016736
"4","3.125",0.671111111111111
"4","3.125",0.772511848341232
"4","3.125",0.629166666666667
"4","3.125",0.588014981273408
"4","3.125",0.693693693693694
"4","3.125",0.752977587321022
"4","3.125",0.666666666666667
"4","3.125",0.751269035532995
"4","3.125",0.686274509803922
"4","3.125",0.725388601036269
"4","3.125",0.465116279069767
"4","3.125",0.318840579710145
"4","3.125",0.627049180327869
"4","3.125",0.76536312849162
"4","3.125",0.629770992366412
"4","3.125",0.520661157024793
"4","3.125",0.471698113207547
"4","3.125",0.607913669064748
"4","3.125",0.622047244094488
"4","3.125",0.685393258426966
"4","3.125",0.594142259414226
"4","3.125",0.574007220216607
"4","3.125",0.540740740740741
"4","3.125",0.767932489451477
"4","3.125",0.714285714285714
"4","3.125",0.428571428571429
"4","3.125",0.754863813229572
"4","3.125",0.565217391304348
"4","3.125",0.534615384615385
"4","3.125",0.420494699646643
"4","3.125",0.65546218487395
"4","3.125",0.615702479338843
"4","3.125",0.515463917525773
"4","3.125",0.439516129032258
"4","3.125",0.783950617283951
"4","3.125",0.604838709677419
"4","3.125",0.723300970873786
"4","3.125",0.726415094339623
"4","3.125",0.579545454545455
"4","3.125",0.474025974025974
"4","3.125",0.686486486486486
"4","3.125",0.609756097560976
"4","3.125",0.522448979591837
"4","3.125",0.403361344537815
"4","3.125",0.51006711409396
"4","3.125",0.585551330798479
"4","3.125",0.609756097560976
"4","3.75",0.723320158102767
"4","3.75",0.534883720930232
"4","3.75",0.754827529295263
"4","3.75",0.681318681318681
"4","3.75",0.764705882352941
"4","3.75",0.660377358490566
"4","3.75",0.715909090909091
"4","3.75",0.808411214953271
"4","3.75",0.523297491039427
"4","3.75",0.630902983600079
"4","3.75",0.642307692307692
"4","3.75",0.806451612903226
"4","3.75",0.764102564102564
"4","3.75",0.490080662742533
"4","3.75",0.736486486486487
"4","3.75",0.584158415841584
"4","3.75",0.672
"4","3.75",0.500461755758366
"4","3.75",0.774846009123476
"4","3.75",0.690909090909091
"4","3.75",0.851229841048846
"4","3.75",0.777777777777778
"4","3.75",0.811174422285533
"4","3.75",0.642801857585139
"4","3.75",0.955848118599667
"4","3.75",0.707407407407407
"4","3.75",0.608888888888889
"4","3.75",0.515641884486558
"4","3.75",0.545316868592731
"4","3.75",0.890203743987254
"4","3.75",0.754189944134078
"4","3.75",0.909726751010826
"4","3.75",0.7
"4","3.75",0.886500363925098
"4","3.75",0.584282022536961
"4","3.75",0.532871972318339
"4","3.75",0.623430962343096
"4","3.75",0.6875
"4","3.75",0.713450292397661
"4","3.75",0.865
"4","3.75",0.70852534562212
"4","3.75",0.74369949697827
"4","3.75",0.834306569343066
"4","3.75",0.793478260869565
"4","3.75",0.724719101123595
"4","3.75",0.76555023923445
"4","3.75",0.580246913580247
"4","3.75",0.747422680412371
"4","3.75",0.722448979591837
"4","3.75",0.639902519586715
"4","3.75",0.720627859114963
"4","3.75",1.00785420290064
"4","3.75",0.625954198473282
"4","3.75",0.774647887323944
"4","3.75",0.674329501915709
"4","3.75",0.640350877192982
"4","3.75",0.718195348837209
"4","3.75",0.609756097560976
"4","3.75",0.685
"4","3.75",0.45578231292517
"4","3.75",0.683864355551102
"4","3.75",0.746835443037975
"4","3.75",0.797814207650273
"4","3.75",0.722222222222222
"4","3.75",0.66494459685752
"4","3.75",0.742268041237113
"4","3.75",0.7
"4","3.75",0.652266938359653
"4","3.75",0.568164415352854
"4","3.75",0.719211822660099
"4","3.75",0.592857142857143
"4","3.75",0.687723289092817
"4","3.75",0.701030927835051
"4","3.75",0.623076923076923
"4","3.75",0.867197433654127
"4","3.75",0.834254143646409
"4","3.75",0.697142857142857
"4","3.75",0.671641791044776
"4","3.75",0.710227272727273
"4","3.75",0.662983425414365
"4","3.75",0.599676417482778
"4","3.75",0.550173010380623
"4","3.75",0.50597609561753
"4","3.75",0.703947368421053
"4","3.75",0.665071770334928
"4","3.75",0.504065040650406
"4","3.75",0.675555555555556
"4","3.75",0.739463601532567
"4","3.75",0.498889039425552
"4","3.75",0.681318681318681
"4","3.75",0.723618090452261
"4","3.75",0.582726308614634
"4","3.75",0.582329317269076
"4","3.75",0.728251516822946
"4","3.75",0.512127498753639
"4","3.75",0.783783783783784
"4","3.75",0.672438672438673
"4","3.75",0.636363636363636
"4","3.75",0.685714285714286
"4","3.75",0.810810810810811
